day,image,quote,author,source,caption
1,day01.png,The journey of a thousand miles begins with a single step.,Lao Tzu,"Tao Te Ching, ch. 64","“The journey of a thousand miles begins with a single step.” — Lao Tzu

Save this for when you need it. Share it with someone who does.

#quotes #motivation #inspiration #mindset #stoicism #wisdom #dailyquotes #selfgrowth"
2,day02.png,Waste no more time arguing about what a good man should be. Be one.,Marcus Aurelius,"Meditations, 10.16","“Waste no more time arguing about what a good man should be. Be one.” — Marcus Aurelius

Save this for when you need it. Share it with someone who does.

#quotes #motivation #inspiration #mindset #stoicism #wisdom #dailyquotes #selfgrowth"
3,day03.png,We suffer more often in imagination than in reality.,Seneca,"Letters to Lucilius, 13","“We suffer more often in imagination than in reality.” — Seneca

Save this for when you need it. Share it with someone who does.

#quotes #motivation #inspiration #mindset #stoicism #wisdom #dailyquotes #selfgrowth"
4,day04.png,"It is not that we have a short time to live, but that we waste a lot of it.",Seneca,"On the Shortness of Life, 1","“It is not that we have a short time to live, but that we waste a lot of it.” — Seneca

Save this for when you need it. Share it with someone who does.

#quotes #motivation #inspiration #mindset #stoicism #wisdom #dailyquotes #selfgrowth"
5,day05.png,Nothing great was ever achieved without enthusiasm.,Ralph Waldo Emerson,Essays: Circles,"“Nothing great was ever achieved without enthusiasm.” — Ralph Waldo Emerson

Save this for when you need it. Share it with someone who does.

#quotes #motivation #inspiration #mindset #stoicism #wisdom #dailyquotes #selfgrowth"
6,day06.png,"Advance confidently in the direction of your dreams, and endeavor to live the life you have imagined.",Henry David Thoreau,Walden (paraphrased from ch. 'Conclusion'),"“Advance confidently in the direction of your dreams, and endeavor to live the life you have imagined.” — Henry David Thoreau

Save this for when you need it. Share it with someone who does.

#quotes #motivation #inspiration #mindset #stoicism #wisdom #dailyquotes #selfgrowth"
7,day07.png,The only thing we have to fear is fear itself.,Franklin D. Roosevelt,"First Inaugural Address, 1933","“The only thing we have to fear is fear itself.” — Franklin D. Roosevelt

Save this for when you need it. Share it with someone who does.

#quotes #motivation #inspiration #mindset #stoicism #wisdom #dailyquotes #selfgrowth"
8,day08.png,"Courage was not the absence of fear, but the triumph over it.",Nelson Mandela,Long Walk to Freedom (paraphrased),"“Courage was not the absence of fear, but the triumph over it.” — Nelson Mandela

Save this for when you need it. Share it with someone who does.

#quotes #motivation #inspiration #mindset #stoicism #wisdom #dailyquotes #selfgrowth"
9,day09.png,"To live is the rarest thing in the world. Most people exist, that is all.",Oscar Wilde,The Soul of Man under Socialism,"“To live is the rarest thing in the world. Most people exist, that is all.” — Oscar Wilde

Save this for when you need it. Share it with someone who does.

#quotes #motivation #inspiration #mindset #stoicism #wisdom #dailyquotes #selfgrowth"
10,day10.png,"Never give in. Never, never, never, never.",Winston Churchill,"Harrow School speech, 1941","“Never give in. Never, never, never, never.” — Winston Churchill

Save this for when you need it. Share it with someone who does.

#quotes #motivation #inspiration #mindset #stoicism #wisdom #dailyquotes #selfgrowth"
11,day11.png,He who has a why to live can bear almost any how.,Friedrich Nietzsche,Twilight of the Idols,"“He who has a why to live can bear almost any how.” — Friedrich Nietzsche

Save this for when you need it. Share it with someone who does.

#quotes #motivation #inspiration #mindset #stoicism #wisdom #dailyquotes #selfgrowth"
12,day12.png,"People are disturbed not by things, but by the views they take of them.",Epictetus,"Enchiridion, 5","“People are disturbed not by things, but by the views they take of them.” — Epictetus

Save this for when you need it. Share it with someone who does.

#quotes #motivation #inspiration #mindset #stoicism #wisdom #dailyquotes #selfgrowth"
13,day13.png,Fortune favors the bold.,Virgil,"Aeneid, X","“Fortune favors the bold.” — Virgil

Save this for when you need it. Share it with someone who does.

#quotes #motivation #inspiration #mindset #stoicism #wisdom #dailyquotes #selfgrowth"
14,day14.png,Knowing yourself is true wisdom.,Lao Tzu,"Tao Te Ching, ch. 33 (paraphrased)","“Knowing yourself is true wisdom.” — Lao Tzu

Save this for when you need it. Share it with someone who does.

#quotes #motivation #inspiration #mindset #stoicism #wisdom #dailyquotes #selfgrowth"
15,day15.png,Trust thyself: every heart vibrates to that iron string.,Ralph Waldo Emerson,Self-Reliance,"“Trust thyself: every heart vibrates to that iron string.” — Ralph Waldo Emerson

Save this for when you need it. Share it with someone who does.

#quotes #motivation #inspiration #mindset #stoicism #wisdom #dailyquotes #selfgrowth"
16,day16.png,The price of anything is the amount of life you exchange for it.,Henry David Thoreau,"Walden, 'Economy'","“The price of anything is the amount of life you exchange for it.” — Henry David Thoreau

Save this for when you need it. Share it with someone who does.

#quotes #motivation #inspiration #mindset #stoicism #wisdom #dailyquotes #selfgrowth"
17,day17.png,Life is either a daring adventure or nothing at all.,Helen Keller,"The Open Door, 1957","“Life is either a daring adventure or nothing at all.” — Helen Keller

Save this for when you need it. Share it with someone who does.

#quotes #motivation #inspiration #mindset #stoicism #wisdom #dailyquotes #selfgrowth"
18,day18.png,You must do the thing you think you cannot do.,Eleanor Roosevelt,"You Learn by Living, 1960","“You must do the thing you think you cannot do.” — Eleanor Roosevelt

Save this for when you need it. Share it with someone who does.

#quotes #motivation #inspiration #mindset #stoicism #wisdom #dailyquotes #selfgrowth"
19,day19.png,"While we are postponing, life speeds by.",Seneca,"Letters to Lucilius, 1","“While we are postponing, life speeds by.” — Seneca

Save this for when you need it. Share it with someone who does.

#quotes #motivation #inspiration #mindset #stoicism #wisdom #dailyquotes #selfgrowth"
20,day20.png,What stands in the way becomes the way.,Marcus Aurelius,"Meditations, 5.20 (paraphrased)","“What stands in the way becomes the way.” — Marcus Aurelius

Save this for when you need it. Share it with someone who does.

#quotes #motivation #inspiration #mindset #stoicism #wisdom #dailyquotes #selfgrowth"
21,day21.png,"I exist as I am, that is enough.",Walt Whitman,Song of Myself,"“I exist as I am, that is enough.” — Walt Whitman

Save this for when you need it. Share it with someone who does.

#quotes #motivation #inspiration #mindset #stoicism #wisdom #dailyquotes #selfgrowth"
22,day22.png,Well done is better than well said.,Benjamin Franklin,Poor Richard's Almanack,"“Well done is better than well said.” — Benjamin Franklin

Save this for when you need it. Share it with someone who does.

#quotes #motivation #inspiration #mindset #stoicism #wisdom #dailyquotes #selfgrowth"
23,day23.png,"In the midst of winter, I found there was, within me, an invincible summer.",Albert Camus,"Return to Tipasa, 1952","“In the midst of winter, I found there was, within me, an invincible summer.” — Albert Camus

Save this for when you need it. Share it with someone who does.

#quotes #motivation #inspiration #mindset #stoicism #wisdom #dailyquotes #selfgrowth"
24,day24.png,Nobody need wait a single moment before starting to improve the world.,Anne Frank,The Diary of a Young Girl (paraphrased),"“Nobody need wait a single moment before starting to improve the world.” — Anne Frank

Save this for when you need it. Share it with someone who does.

#quotes #motivation #inspiration #mindset #stoicism #wisdom #dailyquotes #selfgrowth"
25,day25.png,Stay hungry. Stay foolish.,Steve Jobs,"Stanford commencement, 2005","“Stay hungry. Stay foolish.” — Steve Jobs

Save this for when you need it. Share it with someone who does.

#quotes #motivation #inspiration #mindset #stoicism #wisdom #dailyquotes #selfgrowth"
26,day26.png,You could leave life right now. Let that determine what you do and say and think.,Marcus Aurelius,"Meditations, 2.11","“You could leave life right now. Let that determine what you do and say and think.” — Marcus Aurelius

Save this for when you need it. Share it with someone who does.

#quotes #motivation #inspiration #mindset #stoicism #wisdom #dailyquotes #selfgrowth"
27,day27.png,"Seize the day, trusting as little as possible in tomorrow.",Horace,"Odes, 1.11","“Seize the day, trusting as little as possible in tomorrow.” — Horace

Save this for when you need it. Share it with someone who does.

#quotes #motivation #inspiration #mindset #stoicism #wisdom #dailyquotes #selfgrowth"
28,day28.png,Nothing can bring you peace but yourself.,Ralph Waldo Emerson,Self-Reliance,"“Nothing can bring you peace but yourself.” — Ralph Waldo Emerson

Save this for when you need it. Share it with someone who does.

#quotes #motivation #inspiration #mindset #stoicism #wisdom #dailyquotes #selfgrowth"
29,day29.png,"Rather than love, than money, than fame, give me truth.",Henry David Thoreau,"Walden, 'Where I Lived'","“Rather than love, than money, than fame, give me truth.” — Henry David Thoreau

Save this for when you need it. Share it with someone who does.

#quotes #motivation #inspiration #mindset #stoicism #wisdom #dailyquotes #selfgrowth"
30,day30.png,"Begin at once to live, and count each separate day as a separate life.",Seneca,"Letters to Lucilius, 101","“Begin at once to live, and count each separate day as a separate life.” — Seneca

Save this for when you need it. Share it with someone who does.

#quotes #motivation #inspiration #mindset #stoicism #wisdom #dailyquotes #selfgrowth"
